date,datetime,cash_type,card,money,coffee_name
01-03-2024,15:50.5,card,ANON-0000-0000-0001,38.7,Latte
01-03-2024,19:22.5,card,ANON-0000-0000-0002,38.7,Hot Chocolate
01-03-2024,20:18.1,card,ANON-0000-0000-0002,38.7,Hot Chocolate
01-03-2024,46:33.0,card,ANON-0000-0000-0003,28.9,Americano
01-03-2024,48:14.6,card,ANON-0000-0000-0004,38.7,Latte
01-03-2024,39:47.7,card,ANON-0000-0000-0005,33.8,Americano with Milk
01-03-2024,19:02.8,card,ANON-0000-0000-0006,38.7,Hot Chocolate
01-03-2024,39:03.6,card,ANON-0000-0000-0007,33.8,Americano with Milk
01-03-2024,22:01.8,card,ANON-0000-0000-0008,38.7,Cocoa
01-03-2024,23:15.9,card,ANON-0000-0000-0008,33.8,Americano with Milk
01-03-2024,29:17.4,card,ANON-0000-0000-0009,33.8,Americano with Milk
02-03-2024,22:07.0,card,ANON-0000-0000-0010,28.9,Americano
02-03-2024,30:35.7,cash,,40,Latte
02-03-2024,41:41.2,card,ANON-0000-0000-0011,33.8,Americano with Milk
02-03-2024,59:45.5,card,ANON-0000-0000-0012,33.8,Americano with Milk
02-03-2024,38:35.5,card,ANON-0000-0000-0013,28.9,Americano
02-03-2024,37:24.5,card,ANON-0000-0000-0014,33.8,Americano with Milk
02-03-2024,34:55.0,card,ANON-0000-0000-0004,28.9,Americano
03-03-2024,10:44.0,cash,,40,Latte
03-03-2024,27:18.6,card,ANON-0000-0000-0015,38.7,Latte
03-03-2024,33:56.1,card,ANON-0000-0000-0016,28.9,Cortado
03-03-2024,26:56.1,card,ANON-0000-0000-0012,28.9,Americano
03-03-2024,09:36.3,card,ANON-0000-0000-0017,38.7,Hot Chocolate
03-03-2024,06:40.3,card,ANON-0000-0000-0018,38.7,Cocoa
03-03-2024,08:45.9,card,ANON-0000-0000-0019,28.9,Cortado
03-03-2024,03:23.4,card,ANON-0000-0000-0020,33.8,Americano with Milk
03-03-2024,04:27.9,card,ANON-0000-0000-0020,33.8,Americano with Milk
03-03-2024,08:05.0,card,ANON-0000-0000-0020,38.7,Hot Chocolate
04-03-2024,03:52.0,card,ANON-0000-0000-0001,38.7,Latte
04-03-2024,54:51.0,card,ANON-0000-0000-0021,38.7,Latte
04-03-2024,05:16.2,card,ANON-0000-0000-0012,33.8,Americano with Milk
04-03-2024,04:37.7,card,ANON-0000-0000-0022,24,Espresso
05-03-2024,59:52.7,card,ANON-0000-0000-0001,38.7,Latte
05-03-2024,34:56.0,card,ANON-0000-0000-0023,38.7,Latte
05-03-2024,34:06.0,card,ANON-0000-0000-0024,38.7,Latte
05-03-2024,35:25.0,card,ANON-0000-0000-0025,38.7,Hot Chocolate
05-03-2024,36:28.6,card,ANON-0000-0000-0026,38.7,Cocoa
05-03-2024,37:13.7,card,ANON-0000-0000-0027,38.7,Hot Chocolate
05-03-2024,38:09.4,card,ANON-0000-0000-0009,38.7,Hot Chocolate
05-03-2024,56:15.8,card,ANON-0000-0000-0028,28.9,Cortado
05-03-2024,01:31.2,card,ANON-0000-0000-0028,38.7,Hot Chocolate
06-03-2024,30:27.1,cash,,35,Americano with Milk
06-03-2024,24:07.7,card,ANON-0000-0000-0012,28.9,Americano
06-03-2024,25:14.4,card,ANON-0000-0000-0012,28.9,Cortado
06-03-2024,52:01.8,card,ANON-0000-0000-0029,38.7,Cappuccino
06-03-2024,53:18.3,card,ANON-0000-0000-0029,38.7,Cappuccino
07-03-2024,08:58.9,cash,,40,Latte
07-03-2024,18:40.5,card,ANON-0000-0000-0030,38.7,Hot Chocolate
07-03-2024,03:59.0,card,ANON-0000-0000-0031,38.7,Latte
07-03-2024,25:44.0,cash,,40,Latte
07-03-2024,40:22.6,card,ANON-0000-0000-0032,28.9,Americano
07-03-2024,41:28.8,card,ANON-0000-0000-0033,33.8,Americano with Milk
08-03-2024,34:41.3,card,ANON-0000-0000-0012,28.9,Cortado
08-03-2024,22:28.7,card,ANON-0000-0000-0034,38.7,Cappuccino
08-03-2024,53:02.0,card,ANON-0000-0000-0035,28.9,Americano
08-03-2024,44:12.7,card,ANON-0000-0000-0012,28.9,Americano
08-03-2024,45:11.0,card,ANON-0000-0000-0033,28.9,Americano
08-03-2024,46:11.2,card,ANON-0000-0000-0012,33.8,Americano with Milk
08-03-2024,57:51.5,card,ANON-0000-0000-0036,38.7,Latte
08-03-2024,59:24.9,card,ANON-0000-0000-0037,38.7,Latte
09-03-2024,49:37.3,cash,,40,Hot Chocolate
09-03-2024,05:15.6,card,ANON-0000-0000-0038,24,Espresso
09-03-2024,07:38.3,card,ANON-0000-0000-0039,28.9,Americano
09-03-2024,09:47.7,card,ANON-0000-0000-0012,38.7,Cappuccino
09-03-2024,13:03.5,card,ANON-0000-0000-0040,28.9,Americano
09-03-2024,14:26.5,card,ANON-0000-0000-0040,28.9,Americano
09-03-2024,09:22.2,card,ANON-0000-0000-0041,38.7,Latte
09-03-2024,41:06.2,card,ANON-0000-0000-0042,33.8,Americano with Milk
09-03-2024,53:10.4,card,ANON-0000-0000-0043,28.9,Cortado
09-03-2024,54:36.8,card,ANON-0000-0000-0043,38.7,Cappuccino
09-03-2024,08:01.8,card,ANON-0000-0000-0009,33.8,Americano with Milk
09-03-2024,26:52.9,card,ANON-0000-0000-0044,38.7,Hot Chocolate
09-03-2024,17:57.6,card,ANON-0000-0000-0009,38.7,Cappuccino
09-03-2024,19:10.1,card,ANON-0000-0000-0009,38.7,Hot Chocolate
10-03-2024,44:18.5,cash,,30,Americano
10-03-2024,45:29.4,cash,,35,Americano with Milk
10-03-2024,06:03.0,cash,,40,Latte
10-03-2024,19:20.8,card,ANON-0000-0000-0045,24,Espresso
10-03-2024,51:03.0,cash,,35,Americano with Milk
10-03-2024,34:00.5,card,ANON-0000-0000-0046,38.7,Latte
10-03-2024,35:54.7,card,ANON-0000-0000-0046,28.9,Cortado
11-03-2024,18:46.7,cash,,40,Latte
11-03-2024,24:15.0,cash,,40,Cappuccino
11-03-2024,24:51.6,cash,,30,Cortado
11-03-2024,26:44.2,cash,,30,Americano
11-03-2024,32:58.8,card,ANON-0000-0000-0035,38.7,Cappuccino
11-03-2024,24:26.4,card,ANON-0000-0000-0047,28.9,Americano
11-03-2024,25:45.7,card,ANON-0000-0000-0047,38.7,Latte
11-03-2024,50:49.6,card,ANON-0000-0000-0048,28.9,Cortado
12-03-2024,15:00.3,cash,,40,Latte
12-03-2024,15:34.5,card,ANON-0000-0000-0033,28.9,Americano
12-03-2024,16:24.9,card,ANON-0000-0000-0033,28.9,Cortado
12-03-2024,20:45.6,card,ANON-0000-0000-0049,38.7,Hot Chocolate
12-03-2024,46:23.3,card,ANON-0000-0000-0004,33.8,Americano with Milk
12-03-2024,47:26.0,card,ANON-0000-0000-0004,28.9,Americano
12-03-2024,15:43.3,card,ANON-0000-0000-0050,28.9,Americano
13-03-2024,06:43.0,card,ANON-0000-0000-0048,38.7,Hot Chocolate
13-03-2024,48:16.8,card,ANON-0000-0000-0004,28.9,Americano
13-03-2024,18:06.3,card,ANON-0000-0000-0051,28.9,Americano
13-03-2024,19:05.1,card,ANON-0000-0000-0051,28.9,Americano
13-03-2024,34:30.3,cash,,25,Espresso
13-03-2024,26:40.9,card,ANON-0000-0000-0052,33.8,Americano with Milk
13-03-2024,40:22.3,card,ANON-0000-0000-0053,24,Espresso
13-03-2024,41:20.4,card,ANON-0000-0000-0053,24,Espresso
13-03-2024,47:09.4,card,ANON-0000-0000-0054,24,Espresso
14-03-2024,02:12.2,cash,,40,Latte
14-03-2024,28:33.0,card,ANON-0000-0000-0055,38.7,Latte
14-03-2024,29:34.3,card,ANON-0000-0000-0055,38.7,Hot Chocolate
14-03-2024,27:29.5,card,ANON-0000-0000-0012,28.9,Cortado
14-03-2024,28:24.5,card,ANON-0000-0000-0012,28.9,Americano
14-03-2024,51:59.9,card,ANON-0000-0000-0056,33.8,Americano with Milk
14-03-2024,52:56.2,card,ANON-0000-0000-0057,24,Espresso
14-03-2024,20:38.4,card,ANON-0000-0000-0058,38.7,Latte
14-03-2024,04:09.5,card,ANON-0000-0000-0059,33.8,Americano with Milk
14-03-2024,54:38.2,card,ANON-0000-0000-0050,24,Espresso
14-03-2024,58:55.9,card,ANON-0000-0000-0019,38.7,Hot Chocolate
14-03-2024,00:08.7,card,ANON-0000-0000-0012,28.9,Cortado
15-03-2024,02:16.5,cash,,40,Latte
15-03-2024,53:02.2,card,ANON-0000-0000-0060,38.7,Hot Chocolate
15-03-2024,19:27.9,card,ANON-0000-0000-0012,28.9,Americano
16-03-2024,06:55.2,card,ANON-0000-0000-0061,33.8,Americano with Milk
16-03-2024,07:53.9,card,ANON-0000-0000-0061,28.9,Americano
16-03-2024,58:18.5,card,ANON-0000-0000-0009,28.9,Cortado
16-03-2024,03:21.7,card,ANON-0000-0000-0009,28.9,Cortado
16-03-2024,04:11.4,card,ANON-0000-0000-0012,28.9,Cortado
16-03-2024,58:07.2,card,ANON-0000-0000-0062,33.8,Americano with Milk
17-03-2024,10:21.4,cash,,40,Latte
17-03-2024,55:26.1,card,ANON-0000-0000-0063,28.9,Cortado
18-03-2024,17:59.7,card,ANON-0000-0000-0064,28.9,Cortado
18-03-2024,31:39.7,card,ANON-0000-0000-0003,28.9,Americano
18-03-2024,32:38.2,card,ANON-0000-0000-0003,28.9,Americano
18-03-2024,33:36.7,card,ANON-0000-0000-0003,28.9,Americano
19-03-2024,20:26.0,cash,,30,Cortado
19-03-2024,02:21.5,card,ANON-0000-0000-0065,38.7,Latte
19-03-2024,03:19.8,card,ANON-0000-0000-0065,38.7,Latte
19-03-2024,04:36.3,card,ANON-0000-0000-0049,38.7,Hot Chocolate
19-03-2024,53:48.7,card,ANON-0000-0000-0066,33.8,Americano with Milk
19-03-2024,26:32.7,cash,,40,Hot Chocolate
20-03-2024,41:16.4,card,ANON-0000-0000-0012,28.9,Cortado
20-03-2024,21:07.7,cash,,40,Latte
20-03-2024,30:49.0,card,ANON-0000-0000-0049,28.9,Cortado
20-03-2024,16:47.4,card,ANON-0000-0000-0067,38.7,Cappuccino
20-03-2024,42:38.1,card,ANON-0000-0000-0050,38.7,Cocoa
20-03-2024,50:28.8,card,ANON-0000-0000-0068,38.7,Latte
21-03-2024,18:57.0,cash,,40,Cappuccino
21-03-2024,25:09.2,card,ANON-0000-0000-0012,28.9,Cortado
21-03-2024,26:17.4,card,ANON-0000-0000-0012,38.7,Cappuccino
21-03-2024,21:01.5,cash,,30,Americano
21-03-2024,22:01.4,card,ANON-0000-0000-0012,28.9,Cortado
21-03-2024,20:36.5,card,ANON-0000-0000-0069,38.7,Latte
22-03-2024,35:53.6,card,ANON-0000-0000-0070,33.8,Americano with Milk
22-03-2024,29:20.3,card,ANON-0000-0000-0071,33.8,Americano with Milk
22-03-2024,15:14.4,cash,,40,Cappuccino
22-03-2024,17:03.7,card,ANON-0000-0000-0012,28.9,Americano
22-03-2024,17:59.0,card,ANON-0000-0000-0012,24,Espresso
22-03-2024,20:49.5,card,ANON-0000-0000-0050,28.9,Americano
23-03-2024,43:59.6,card,ANON-0000-0000-0072,38.7,Latte
23-03-2024,45:07.2,card,ANON-0000-0000-0073,33.8,Americano with Milk
23-03-2024,10:07.7,card,ANON-0000-0000-0074,38.7,Cappuccino
23-03-2024,11:12.2,card,ANON-0000-0000-0074,38.7,Cocoa
23-03-2024,44:41.3,card,ANON-0000-0000-0075,33.8,Americano with Milk
23-03-2024,47:19.1,card,ANON-0000-0000-0076,38.7,Latte
23-03-2024,49:33.8,card,ANON-0000-0000-0076,33.8,Americano with Milk
23-03-2024,00:58.4,card,ANON-0000-0000-0009,28.9,Cortado
24-03-2024,03:56.0,cash,,40,Latte
24-03-2024,45:08.4,card,ANON-0000-0000-0077,38.7,Latte
25-03-2024,31:47.2,card,ANON-0000-0000-0009,38.7,Latte
25-03-2024,16:25.7,cash,,35,Americano with Milk
25-03-2024,27:09.2,card,ANON-0000-0000-0078,38.7,Latte
25-03-2024,29:25.3,card,ANON-0000-0000-0017,38.7,Latte
25-03-2024,37:30.6,card,ANON-0000-0000-0024,33.8,Americano with Milk
25-03-2024,34:24.5,card,ANON-0000-0000-0079,38.7,Cappuccino
26-03-2024,35:49.7,card,ANON-0000-0000-0055,38.7,Cocoa
26-03-2024,36:36.2,card,ANON-0000-0000-0055,38.7,Latte
26-03-2024,42:30.2,card,ANON-0000-0000-0080,38.7,Latte
26-03-2024,11:47.3,card,ANON-0000-0000-0009,28.9,Cortado
26-03-2024,35:52.8,card,ANON-0000-0000-0003,28.9,Americano
26-03-2024,36:49.6,card,ANON-0000-0000-0032,28.9,Cortado
26-03-2024,37:59.7,card,ANON-0000-0000-0059,28.9,Cortado
26-03-2024,57:53.7,card,ANON-0000-0000-0050,28.9,Americano
26-03-2024,48:02.3,card,ANON-0000-0000-0081,38.7,Latte
26-03-2024,33:38.6,card,ANON-0000-0000-0024,38.7,Latte
26-03-2024,34:54.6,card,ANON-0000-0000-0009,38.7,Hot Chocolate
27-03-2024,04:51.2,card,ANON-0000-0000-0003,28.9,Cortado
27-03-2024,05:58.2,card,ANON-0000-0000-0003,33.8,Americano with Milk
27-03-2024,57:00.5,card,ANON-0000-0000-0082,33.8,Americano with Milk
27-03-2024,35:20.0,card,ANON-0000-0000-0083,38.7,Hot Chocolate
27-03-2024,22:31.7,card,ANON-0000-0000-0012,38.7,Cappuccino
27-03-2024,23:35.4,card,ANON-0000-0000-0012,28.9,Americano
27-03-2024,30:11.8,card,ANON-0000-0000-0084,28.9,Cortado
27-03-2024,31:12.4,cash,,40,Latte
28-03-2024,24:47.1,card,ANON-0000-0000-0085,28.9,Cortado
28-03-2024,24:46.2,card,ANON-0000-0000-0012,28.9,Cortado
28-03-2024,27:05.3,card,ANON-0000-0000-0012,28.9,Americano
28-03-2024,32:44.7,card,ANON-0000-0000-0086,38.7,Latte
29-03-2024,56:19.5,card,ANON-0000-0000-0087,38.7,Latte
29-03-2024,34:17.4,card,ANON-0000-0000-0088,38.7,Cappuccino
29-03-2024,41:32.1,card,ANON-0000-0000-0088,38.7,Cappuccino
29-03-2024,22:44.6,cash,,40,Cappuccino
30-03-2024,59:19.9,card,ANON-0000-0000-0069,38.7,Latte
30-03-2024,49:25.8,cash,,40,Cappuccino
30-03-2024,12:31.8,card,ANON-0000-0000-0017,38.7,Latte
30-03-2024,36:40.5,card,ANON-0000-0000-0009,38.7,Latte
30-03-2024,37:57.6,card,ANON-0000-0000-0009,33.8,Americano with Milk
31-03-2024,40:04.5,card,ANON-0000-0000-0089,38.7,Cappuccino
31-03-2024,36:45.0,cash,,30,Americano
01-04-2024,28:47.6,card,ANON-0000-0000-0004,28.9,Americano
01-04-2024,29:42.3,card,ANON-0000-0000-0004,33.8,Americano with Milk
01-04-2024,30:43.7,card,ANON-0000-0000-0004,33.8,Americano with Milk
01-04-2024,15:43.8,card,ANON-0000-0000-0009,33.8,Americano with Milk
01-04-2024,01:42.9,cash,,40,Cappuccino
01-04-2024,18:42.4,card,ANON-0000-0000-0024,33.8,Americano with Milk
01-04-2024,45:27.4,card,ANON-0000-0000-0090,38.7,Hot Chocolate
02-04-2024,01:14.0,card,ANON-0000-0000-0001,38.7,Latte
02-04-2024,18:34.2,card,ANON-0000-0000-0003,28.9,Americano
02-04-2024,19:28.5,card,ANON-0000-0000-0003,28.9,Cortado
02-04-2024,59:31.9,cash,,40,Cappuccino
03-04-2024,19:13.6,card,ANON-0000-0000-0003,28.9,Cortado
03-04-2024,20:07.7,card,ANON-0000-0000-0003,28.9,Americano
03-04-2024,12:05.4,card,ANON-0000-0000-0012,38.7,Cappuccino
03-04-2024,36:11.7,cash,,30,Cortado
04-04-2024,44:56.0,card,ANON-0000-0000-0091,38.7,Latte
04-04-2024,26:38.1,card,ANON-0000-0000-0092,38.7,Latte
04-04-2024,27:48.4,card,ANON-0000-0000-0093,38.7,Cappuccino
04-04-2024,23:02.2,card,ANON-0000-0000-0094,28.9,Cortado
04-04-2024,42:07.7,cash,,40,Latte
05-04-2024,40:42.7,card,ANON-0000-0000-0095,28.9,Americano
05-04-2024,42:06.2,card,ANON-0000-0000-0012,28.9,Americano
05-04-2024,06:14.6,card,ANON-0000-0000-0096,28.9,Cortado
05-04-2024,14:28.0,card,ANON-0000-0000-0097,33.8,Americano with Milk
05-04-2024,23:40.4,card,ANON-0000-0000-0098,38.7,Latte
05-04-2024,24:50.4,card,ANON-0000-0000-0098,28.9,Cortado
05-04-2024,30:50.4,cash,,40,Latte
05-04-2024,54:15.8,cash,,40,Cappuccino
05-04-2024,55:30.9,cash,,30,Americano
05-04-2024,17:44.0,cash,,40,Cocoa
05-04-2024,18:23.6,card,ANON-0000-0000-0003,24,Espresso
06-04-2024,32:31.4,card,ANON-0000-0000-0099,33.8,Americano with Milk
06-04-2024,13:18.7,card,ANON-0000-0000-0040,38.7,Cappuccino
06-04-2024,14:27.0,card,ANON-0000-0000-0040,28.9,Americano
06-04-2024,49:50.2,card,ANON-0000-0000-0009,38.7,Latte
07-04-2024,12:53.2,card,ANON-0000-0000-0091,38.7,Latte
07-04-2024,44:31.9,card,ANON-0000-0000-0040,38.7,Cappuccino
07-04-2024,46:05.1,card,ANON-0000-0000-0040,38.7,Cappuccino
07-04-2024,16:24.9,card,ANON-0000-0000-0100,28.9,Cortado
07-04-2024,17:30.6,card,ANON-0000-0000-0100,24,Espresso
07-04-2024,01:16.6,card,ANON-0000-0000-0101,38.7,Hot Chocolate
07-04-2024,02:03.9,card,ANON-0000-0000-0101,33.8,Americano with Milk
08-04-2024,58:21.1,card,ANON-0000-0000-0102,33.8,Americano with Milk
08-04-2024,59:27.6,card,ANON-0000-0000-0103,38.7,Cappuccino
08-04-2024,01:20.5,card,ANON-0000-0000-0012,28.9,Americano
08-04-2024,04:47.0,card,ANON-0000-0000-0104,38.7,Cappuccino
08-04-2024,54:25.9,cash,,25,Espresso
08-04-2024,43:36.9,cash,,35,Americano with Milk
08-04-2024,41:37.8,card,ANON-0000-0000-0017,38.7,Latte
08-04-2024,18:09.7,card,ANON-0000-0000-0105,28.9,Americano
08-04-2024,22:27.5,card,ANON-0000-0000-0024,33.8,Americano with Milk
08-04-2024,23:59.3,card,ANON-0000-0000-0106,38.7,Cappuccino
09-04-2024,22:27.4,cash,,40,Cappuccino
09-04-2024,24:10.1,cash,,30,Americano
09-04-2024,42:28.5,card,ANON-0000-0000-0091,38.7,Latte
09-04-2024,11:48.7,card,ANON-0000-0000-0107,38.7,Hot Chocolate
09-04-2024,25:23.9,card,ANON-0000-0000-0049,38.7,Hot Chocolate
10-04-2024,21:26.2,cash,,25,Espresso
10-04-2024,55:07.0,cash,,40,Hot Chocolate
10-04-2024,55:31.2,card,ANON-0000-0000-0108,24,Espresso
10-04-2024,24:59.3,card,ANON-0000-0000-0009,38.7,Cappuccino
10-04-2024,04:05.4,card,ANON-0000-0000-0109,38.7,Latte
11-04-2024,41:23.2,card,ANON-0000-0000-0110,28.9,Americano
11-04-2024,42:59.4,card,ANON-0000-0000-0110,28.9,Americano
11-04-2024,35:23.1,card,ANON-0000-0000-0017,38.7,Latte
11-04-2024,16:56.6,card,ANON-0000-0000-0106,38.7,Cappuccino
11-04-2024,18:36.6,card,ANON-0000-0000-0024,33.8,Americano with Milk
12-04-2024,03:43.4,card,ANON-0000-0000-0019,38.7,Hot Chocolate
12-04-2024,38:23.2,card,ANON-0000-0000-0009,28.9,Cortado
13-04-2024,29:19.8,card,ANON-0000-0000-0009,38.7,Latte
13-04-2024,43:02.4,card,ANON-0000-0000-0012,28.9,Americano
13-04-2024,06:52.3,cash,,40,Hot Chocolate
13-04-2024,07:56.0,cash,,40,Hot Chocolate
13-04-2024,18:03.9,card,ANON-0000-0000-0111,38.7,Cappuccino
13-04-2024,19:39.8,card,ANON-0000-0000-0111,38.7,Latte
13-04-2024,51:26.0,card,ANON-0000-0000-0112,38.7,Cappuccino
13-04-2024,53:19.2,card,ANON-0000-0000-0012,38.7,Cappuccino
14-04-2024,55:27.4,cash,,40,Latte
14-04-2024,24:39.0,card,ANON-0000-0000-0113,38.7,Cappuccino
14-04-2024,27:09.0,cash,,30,Cortado
14-04-2024,29:06.9,cash,,30,Cortado
14-04-2024,31:36.0,cash,,35,Americano with Milk
14-04-2024,21:49.8,card,ANON-0000-0000-0114,28.9,Cortado
14-04-2024,23:31.6,card,ANON-0000-0000-0012,28.9,Americano
14-04-2024,24:26.9,card,ANON-0000-0000-0012,28.9,Americano
14-04-2024,25:18.1,card,ANON-0000-0000-0012,28.9,Americano
14-04-2024,46:27.7,card,ANON-0000-0000-0017,38.7,Cappuccino
14-04-2024,59:54.8,card,ANON-0000-0000-0012,28.9,Cortado
14-04-2024,00:45.4,card,ANON-0000-0000-0019,38.7,Latte
14-04-2024,38:19.6,card,ANON-0000-0000-0115,38.7,Cappuccino
15-04-2024,45:24.6,card,ANON-0000-0000-0064,28.9,Americano
15-04-2024,01:46.4,card,ANON-0000-0000-0003,28.9,Americano
15-04-2024,02:49.7,card,ANON-0000-0000-0004,33.8,Americano with Milk
15-04-2024,33:03.0,card,ANON-0000-0000-0009,33.8,Americano with Milk
15-04-2024,41:58.1,cash,,25,Espresso
16-04-2024,43:49.9,cash,,35,Americano with Milk
16-04-2024,46:25.7,card,ANON-0000-0000-0116,33.8,Americano with Milk
16-04-2024,40:47.7,card,ANON-0000-0000-0117,38.7,Cocoa
16-04-2024,52:07.7,card,ANON-0000-0000-0064,28.9,Cortado
16-04-2024,03:16.9,card,ANON-0000-0000-0118,28.9,Americano
16-04-2024,42:04.2,card,ANON-0000-0000-0024,33.8,Americano with Milk
16-04-2024,43:23.0,card,ANON-0000-0000-0009,38.7,Cappuccino
16-04-2024,09:05.3,card,ANON-0000-0000-0050,38.7,Cocoa
17-04-2024,32:59.8,card,ANON-0000-0000-0012,28.9,Americano
17-04-2024,44:00.2,card,ANON-0000-0000-0119,24,Espresso
17-04-2024,13:24.3,cash,,40,Cappuccino
17-04-2024,01:35.1,card,ANON-0000-0000-0120,38.7,Cappuccino
17-04-2024,02:40.7,card,ANON-0000-0000-0120,38.7,Cappuccino
17-04-2024,14:03.2,card,ANON-0000-0000-0121,28.9,Cortado
18-04-2024,19:01.7,card,ANON-0000-0000-0003,28.9,Americano
18-04-2024,20:05.7,card,ANON-0000-0000-0003,28.9,Americano
18-04-2024,49:12.7,card,ANON-0000-0000-0122,33.8,Americano with Milk
18-04-2024,50:17.3,card,ANON-0000-0000-0122,28.9,Cortado
18-04-2024,34:19.8,card,ANON-0000-0000-0123,38.7,Cappuccino
18-04-2024,35:49.4,card,ANON-0000-0000-0123,38.7,Latte
18-04-2024,44:15.8,card,ANON-0000-0000-0069,38.7,Latte
18-04-2024,21:05.9,card,ANON-0000-0000-0085,38.7,Cappuccino
18-04-2024,39:51.2,card,ANON-0000-0000-0024,38.7,Hot Chocolate
18-04-2024,40:49.0,card,ANON-0000-0000-0009,38.7,Hot Chocolate
19-04-2024,10:36.3,card,ANON-0000-0000-0001,38.7,Latte
19-04-2024,11:47.8,card,ANON-0000-0000-0040,33.8,Americano with Milk
19-04-2024,13:20.9,card,ANON-0000-0000-0040,38.7,Cappuccino
19-04-2024,58:54.1,card,ANON-0000-0000-0124,38.7,Hot Chocolate
19-04-2024,59:49.7,card,ANON-0000-0000-0124,38.7,Cappuccino
19-04-2024,23:19.3,card,ANON-0000-0000-0024,38.7,Cocoa
19-04-2024,25:33.4,card,ANON-0000-0000-0009,33.8,Americano with Milk
20-04-2024,24:42.7,cash,,35,Americano with Milk
20-04-2024,08:35.7,card,ANON-0000-0000-0125,33.8,Americano with Milk
20-04-2024,09:42.7,card,ANON-0000-0000-0125,33.8,Americano with Milk
20-04-2024,08:37.4,card,ANON-0000-0000-0118,28.9,Americano
20-04-2024,09:47.9,card,ANON-0000-0000-0118,33.8,Americano with Milk
20-04-2024,10:55.2,card,ANON-0000-0000-0118,38.7,Hot Chocolate
20-04-2024,44:18.1,card,ANON-0000-0000-0040,38.7,Cappuccino
20-04-2024,11:00.3,card,ANON-0000-0000-0009,33.8,Americano with Milk
20-04-2024,22:40.7,card,ANON-0000-0000-0012,32.82,Americano with Milk
20-04-2024,49:25.1,card,ANON-0000-0000-0126,32.82,Americano with Milk
20-04-2024,07:58.0,cash,,39,Cocoa
20-04-2024,27:41.5,card,ANON-0000-0000-0127,37.72,Cappuccino
20-04-2024,28:46.9,card,ANON-0000-0000-0127,37.72,Cappuccino
20-04-2024,30:55.3,card,ANON-0000-0000-0128,37.72,Latte
21-04-2024,16:45.7,card,ANON-0000-0000-0001,37.72,Latte
21-04-2024,15:37.5,card,ANON-0000-0000-0099,27.92,Americano
21-04-2024,09:03.2,cash,,39,Cappuccino
22-04-2024,09:16.4,card,ANON-0000-0000-0012,27.92,Americano
22-04-2024,29:27.1,card,ANON-0000-0000-0129,32.82,Americano with Milk
22-04-2024,40:33.0,cash,,39,Latte
22-04-2024,39:04.8,card,ANON-0000-0000-0009,37.72,Latte
22-04-2024,02:29.2,cash,,39,Cappuccino
23-04-2024,22:36.0,card,ANON-0000-0000-0025,37.72,Cappuccino
23-04-2024,23:53.1,card,ANON-0000-0000-0024,32.82,Americano with Milk
23-04-2024,24:57.5,card,ANON-0000-0000-0009,37.72,Cappuccino
23-04-2024,42:27.8,card,ANON-0000-0000-0130,32.82,Americano with Milk
23-04-2024,43:26.2,card,ANON-0000-0000-0130,32.82,Americano with Milk
24-04-2024,19:38.3,card,ANON-0000-0000-0001,37.72,Latte
24-04-2024,21:27.3,card,ANON-0000-0000-0131,32.82,Americano with Milk
24-04-2024,23:46.1,card,ANON-0000-0000-0132,32.82,Americano with Milk
24-04-2024,33:26.3,card,ANON-0000-0000-0133,32.82,Americano with Milk
24-04-2024,39:09.3,card,ANON-0000-0000-0059,32.82,Americano with Milk
24-04-2024,39:07.4,card,ANON-0000-0000-0009,32.82,Americano with Milk
24-04-2024,39:50.0,card,ANON-0000-0000-0134,32.82,Americano with Milk
24-04-2024,40:54.0,card,ANON-0000-0000-0134,37.72,Cappuccino
25-04-2024,46:08.1,card,ANON-0000-0000-0135,27.92,Americano
25-04-2024,18:27.0,card,ANON-0000-0000-0009,37.72,Latte
25-04-2024,09:43.5,card,ANON-0000-0000-0012,27.92,Americano
25-04-2024,10:49.2,card,ANON-0000-0000-0012,27.92,Americano
26-04-2024,12:50.6,card,ANON-0000-0000-0001,37.72,Latte
26-04-2024,01:30.6,card,ANON-0000-0000-0136,37.72,Latte
26-04-2024,31:28.3,card,ANON-0000-0000-0137,37.72,Cappuccino
26-04-2024,32:35.4,card,ANON-0000-0000-0012,27.92,Americano
26-04-2024,33:33.1,card,ANON-0000-0000-0012,27.92,Americano
26-04-2024,23:26.5,card,ANON-0000-0000-0138,27.92,Cortado
26-04-2024,24:33.8,card,ANON-0000-0000-0139,27.92,Americano
26-04-2024,32:07.1,card,ANON-0000-0000-0009,37.72,Hot Chocolate
26-04-2024,33:30.2,card,ANON-0000-0000-0009,37.72,Cocoa
27-04-2024,27:00.7,card,ANON-0000-0000-0009,37.72,Cappuccino
28-04-2024,32:52.5,card,ANON-0000-0000-0001,37.72,Latte
28-04-2024,30:09.7,card,ANON-0000-0000-0140,37.72,Cappuccino
28-04-2024,27:08.2,card,ANON-0000-0000-0012,27.92,Americano
28-04-2024,28:11.4,card,ANON-0000-0000-0012,27.92,Americano
28-04-2024,29:02.4,card,ANON-0000-0000-0019,37.72,Latte
29-04-2024,26:31.9,card,ANON-0000-0000-0141,27.92,Cortado
29-04-2024,27:56.9,card,ANON-0000-0000-0003,27.92,Americano
29-04-2024,28:53.9,card,ANON-0000-0000-0003,27.92,Cortado
29-04-2024,53:35.7,card,ANON-0000-0000-0141,27.92,Cortado
29-04-2024,54:24.4,card,ANON-0000-0000-0141,32.82,Americano with Milk
29-04-2024,37:48.4,card,ANON-0000-0000-0140,37.72,Cappuccino
29-04-2024,12:33.2,card,ANON-0000-0000-0134,37.72,Cappuccino
29-04-2024,13:37.9,card,ANON-0000-0000-0134,37.72,Cappuccino
30-04-2024,16:41.5,card,ANON-0000-0000-0142,37.72,Latte
30-04-2024,34:52.2,card,ANON-0000-0000-0142,32.82,Americano with Milk
30-04-2024,35:47.6,card,ANON-0000-0000-0142,32.82,Americano with Milk
30-04-2024,41:52.3,card,ANON-0000-0000-0142,27.92,Americano
30-04-2024,43:00.0,card,ANON-0000-0000-0142,32.82,Americano with Milk
30-04-2024,19:18.1,card,ANON-0000-0000-0142,37.72,Cappuccino
30-04-2024,30:04.0,card,ANON-0000-0000-0142,32.82,Americano with Milk
30-04-2024,31:21.0,card,ANON-0000-0000-0142,37.72,Latte
02-05-2024,33:55.7,card,ANON-0000-0000-0143,27.92,Americano
02-05-2024,29:57.1,cash,,39,Latte
02-05-2024,49:39.9,card,ANON-0000-0000-0133,32.82,Americano with Milk
02-05-2024,36:22.1,card,ANON-0000-0000-0144,37.72,Cappuccino
02-05-2024,41:11.2,card,ANON-0000-0000-0024,32.82,Americano with Milk
02-05-2024,18:33.1,card,ANON-0000-0000-0145,37.72,Latte
02-05-2024,19:56.4,card,ANON-0000-0000-0145,37.72,Cappuccino
03-05-2024,11:53.4,cash,,39,Latte
03-05-2024,30:00.9,card,ANON-0000-0000-0146,37.72,Latte
03-05-2024,03:24.9,card,ANON-0000-0000-0147,37.72,Latte
06-05-2024,05:17.9,card,ANON-0000-0000-0148,27.92,Americano
06-05-2024,06:51.6,card,ANON-0000-0000-0149,37.72,Cappuccino
06-05-2024,08:05.9,card,ANON-0000-0000-0149,32.82,Americano with Milk
06-05-2024,09:08.0,card,ANON-0000-0000-0150,27.92,Americano
06-05-2024,39:12.6,card,ANON-0000-0000-0141,27.92,Cortado
06-05-2024,34:20.6,cash,,29,Americano
06-05-2024,18:11.0,card,ANON-0000-0000-0148,27.92,Cortado
06-05-2024,19:00.8,card,ANON-0000-0000-0148,27.92,Americano
06-05-2024,18:13.0,card,ANON-0000-0000-0151,37.72,Cappuccino
06-05-2024,19:49.5,card,ANON-0000-0000-0151,37.72,Cappuccino
07-05-2024,44:55.6,card,ANON-0000-0000-0148,37.72,Cocoa
07-05-2024,21:58.5,card,ANON-0000-0000-0141,27.92,Cortado
07-05-2024,23:34.9,card,ANON-0000-0000-0077,27.92,Cortado
07-05-2024,42:07.9,card,ANON-0000-0000-0148,37.72,Cocoa
07-05-2024,55:38.8,card,ANON-0000-0000-0152,27.92,Americano
07-05-2024,37:46.4,card,ANON-0000-0000-0153,37.72,Cappuccino
07-05-2024,38:48.2,card,ANON-0000-0000-0153,37.72,Latte
07-05-2024,35:37.2,cash,,34,Americano with Milk
07-05-2024,12:12.5,card,ANON-0000-0000-0154,37.72,Cappuccino
07-05-2024,13:12.2,card,ANON-0000-0000-0154,37.72,Cappuccino
08-05-2024,07:28.9,card,ANON-0000-0000-0001,37.72,Latte
09-05-2024,54:21.8,card,ANON-0000-0000-0155,37.72,Cappuccino
09-05-2024,03:58.6,card,ANON-0000-0000-0156,27.92,Americano
09-05-2024,04:57.6,card,ANON-0000-0000-0156,37.72,Latte
09-05-2024,06:11.3,card,ANON-0000-0000-0156,37.72,Latte
09-05-2024,07:16.4,card,ANON-0000-0000-0156,37.72,Latte
09-05-2024,55:14.6,card,ANON-0000-0000-0118,27.92,Americano
09-05-2024,56:15.0,card,ANON-0000-0000-0118,27.92,Americano
09-05-2024,01:29.9,card,ANON-0000-0000-0157,27.92,Americano
09-05-2024,13:56.2,card,ANON-0000-0000-0143,32.82,Americano with Milk
10-05-2024,09:22.0,cash,,39,Latte
10-05-2024,46:21.5,card,ANON-0000-0000-0158,37.72,Latte
10-05-2024,47:32.5,card,ANON-0000-0000-0158,37.72,Latte
10-05-2024,20:15.1,cash,,34,Americano with Milk
11-05-2024,39:52.9,card,ANON-0000-0000-0069,37.72,Latte
11-05-2024,02:43.6,cash,,39,Latte
11-05-2024,20:30.4,card,ANON-0000-0000-0009,32.82,Americano with Milk
11-05-2024,21:56.1,card,ANON-0000-0000-0026,37.72,Cocoa
11-05-2024,23:57.3,card,ANON-0000-0000-0040,37.72,Cappuccino
11-05-2024,28:54.1,card,ANON-0000-0000-0012,32.82,Americano with Milk
11-05-2024,35:40.3,card,ANON-0000-0000-0115,37.72,Cappuccino
11-05-2024,38:16.1,card,ANON-0000-0000-0159,37.72,Latte
12-05-2024,20:42.5,card,ANON-0000-0000-0001,37.72,Latte
12-05-2024,24:03.5,card,ANON-0000-0000-0160,37.72,Latte
12-05-2024,27:39.0,card,ANON-0000-0000-0161,27.92,Americano
12-05-2024,16:19.8,card,ANON-0000-0000-0077,37.72,Latte
12-05-2024,38:02.4,card,ANON-0000-0000-0162,32.82,Americano with Milk
12-05-2024,52:14.9,card,ANON-0000-0000-0163,32.82,Americano with Milk
12-05-2024,04:21.1,card,ANON-0000-0000-0012,32.82,Americano with Milk
12-05-2024,41:30.6,card,ANON-0000-0000-0009,32.82,Americano with Milk
13-05-2024,03:53.3,card,ANON-0000-0000-0164,32.82,Americano with Milk
13-05-2024,31:10.8,cash,,29,Americano
13-05-2024,31:50.9,cash,,29,Americano
14-05-2024,38:14.6,card,ANON-0000-0000-0012,27.92,Americano
14-05-2024,39:25.5,card,ANON-0000-0000-0012,27.92,Americano
14-05-2024,40:17.5,card,ANON-0000-0000-0012,27.92,Americano
14-05-2024,19:23.2,card,ANON-0000-0000-0012,37.72,Cappuccino
14-05-2024,32:29.4,card,ANON-0000-0000-0165,37.72,Latte
14-05-2024,34:12.9,card,ANON-0000-0000-0165,37.72,Cappuccino
14-05-2024,04:54.6,card,ANON-0000-0000-0025,37.72,Cappuccino
14-05-2024,06:00.4,card,ANON-0000-0000-0009,32.82,Americano with Milk
14-05-2024,01:54.8,card,ANON-0000-0000-0040,27.92,Americano
14-05-2024,57:57.2,card,ANON-0000-0000-0166,32.82,Americano with Milk
14-05-2024,59:10.2,card,ANON-0000-0000-0166,37.72,Cappuccino
14-05-2024,51:25.2,card,ANON-0000-0000-0167,37.72,Hot Chocolate
15-05-2024,40:05.7,card,ANON-0000-0000-0168,37.72,Latte
15-05-2024,14:19.4,card,ANON-0000-0000-0012,23.02,Espresso
15-05-2024,19:10.0,card,ANON-0000-0000-0012,27.92,Americano
15-05-2024,34:35.1,card,ANON-0000-0000-0003,27.92,Americano
15-05-2024,35:29.2,card,ANON-0000-0000-0003,27.92,Americano
15-05-2024,36:27.3,card,ANON-0000-0000-0003,27.92,Americano
15-05-2024,55:29.0,card,ANON-0000-0000-0164,32.82,Americano with Milk
15-05-2024,38:10.8,cash,,29,Americano
15-05-2024,38:52.3,card,ANON-0000-0000-0169,27.92,Cortado
15-05-2024,39:44.4,card,ANON-0000-0000-0012,27.92,Cortado
15-05-2024,28:58.6,card,ANON-0000-0000-0170,23.02,Espresso
15-05-2024,20:34.8,card,ANON-0000-0000-0171,37.72,Cappuccino
16-05-2024,38:42.5,card,ANON-0000-0000-0097,32.82,Americano with Milk
16-05-2024,39:49.4,card,ANON-0000-0000-0172,32.82,Americano with Milk
16-05-2024,42:50.3,cash,,39,Latte
16-05-2024,44:20.8,cash,,39,Cappuccino
16-05-2024,14:00.1,card,ANON-0000-0000-0173,32.82,Americano with Milk
16-05-2024,15:16.3,card,ANON-0000-0000-0174,37.72,Hot Chocolate
16-05-2024,44:31.5,card,ANON-0000-0000-0069,37.72,Latte
16-05-2024,12:56.9,card,ANON-0000-0000-0175,37.72,Hot Chocolate
16-05-2024,13:58.2,card,ANON-0000-0000-0175,37.72,Latte
17-05-2024,00:48.5,card,ANON-0000-0000-0033,27.92,Americano
17-05-2024,30:27.6,card,ANON-0000-0000-0164,32.82,Americano with Milk
17-05-2024,58:03.1,cash,,34,Americano with Milk
17-05-2024,55:18.5,card,ANON-0000-0000-0012,32.82,Americano with Milk
17-05-2024,56:46.8,card,ANON-0000-0000-0009,37.72,Cappuccino
17-05-2024,37:52.9,card,ANON-0000-0000-0176,37.72,Cappuccino
17-05-2024,34:50.8,card,ANON-0000-0000-0177,27.92,Americano
17-05-2024,36:33.4,card,ANON-0000-0000-0178,37.72,Latte
17-05-2024,37:42.8,card,ANON-0000-0000-0179,37.72,Latte
18-05-2024,01:37.9,card,ANON-0000-0000-0180,37.72,Cappuccino
18-05-2024,02:40.0,card,ANON-0000-0000-0180,37.72,Cappuccino
18-05-2024,15:56.1,card,ANON-0000-0000-0181,32.82,Americano with Milk
18-05-2024,48:29.4,card,ANON-0000-0000-0172,32.82,Americano with Milk
18-05-2024,49:27.1,card,ANON-0000-0000-0097,32.82,Americano with Milk
18-05-2024,58:44.2,card,ANON-0000-0000-0040,32.82,Americano with Milk
18-05-2024,22:53.1,card,ANON-0000-0000-0009,37.72,Latte
18-05-2024,05:27.5,cash,,39,Cappuccino
19-05-2024,58:38.3,card,ANON-0000-0000-0182,27.92,Americano
19-05-2024,59:33.5,card,ANON-0000-0000-0182,27.92,Americano
19-05-2024,00:35.1,card,ANON-0000-0000-0183,37.72,Cappuccino
19-05-2024,28:49.7,cash,,24,Espresso
19-05-2024,14:26.7,card,ANON-0000-0000-0184,32.82,Americano with Milk
19-05-2024,43:40.0,card,ANON-0000-0000-0012,27.92,Americano
19-05-2024,58:58.2,card,ANON-0000-0000-0185,32.82,Americano with Milk
19-05-2024,12:36.3,card,ANON-0000-0000-0186,32.82,Americano with Milk
19-05-2024,13:47.8,card,ANON-0000-0000-0186,23.02,Espresso
19-05-2024,16:30.0,card,ANON-0000-0000-0186,37.72,Hot Chocolate
19-05-2024,51:07.0,card,ANON-0000-0000-0187,37.72,Cappuccino
19-05-2024,15:41.8,card,ANON-0000-0000-0188,37.72,Cappuccino
19-05-2024,18:36.1,card,ANON-0000-0000-0189,37.72,Cappuccino
20-05-2024,05:59.2,card,ANON-0000-0000-0190,32.82,Americano with Milk
20-05-2024,17:51.9,card,ANON-0000-0000-0191,37.72,Latte
20-05-2024,58:48.4,card,ANON-0000-0000-0001,37.72,Latte
20-05-2024,15:16.4,card,ANON-0000-0000-0143,27.92,Americano
20-05-2024,16:19.6,card,ANON-0000-0000-0143,27.92,Americano
20-05-2024,27:13.4,card,ANON-0000-0000-0003,27.92,Americano
20-05-2024,28:10.4,card,ANON-0000-0000-0003,27.92,Americano
20-05-2024,13:19.0,card,ANON-0000-0000-0192,32.82,Americano with Milk
20-05-2024,14:31.4,card,ANON-0000-0000-0192,37.72,Cappuccino
20-05-2024,32:21.3,cash,,29,Americano
20-05-2024,12:51.1,card,ANON-0000-0000-0120,37.72,Latte
20-05-2024,13:56.9,card,ANON-0000-0000-0193,37.72,Latte
20-05-2024,36:48.3,card,ANON-0000-0000-0194,32.82,Americano with Milk
20-05-2024,37:57.3,card,ANON-0000-0000-0194,37.72,Cocoa
20-05-2024,46:52.1,card,ANON-0000-0000-0195,27.92,Cortado
20-05-2024,36:54.0,card,ANON-0000-0000-0012,32.82,Americano with Milk
20-05-2024,37:57.8,card,ANON-0000-0000-0012,32.82,Americano with Milk
21-05-2024,27:38.2,card,ANON-0000-0000-0196,37.72,Latte
21-05-2024,43:50.7,cash,,29,Americano
21-05-2024,44:40.3,cash,,34,Americano with Milk
21-05-2024,46:09.4,cash,,39,Cocoa
21-05-2024,05:08.0,cash,,39,Latte
21-05-2024,10:20.0,card,ANON-0000-0000-0197,37.72,Latte
21-05-2024,13:24.0,card,ANON-0000-0000-0012,23.02,Espresso
21-05-2024,11:09.2,card,ANON-0000-0000-0198,37.72,Cappuccino
21-05-2024,13:48.4,card,ANON-0000-0000-0199,37.72,Cappuccino
22-05-2024,34:41.8,card,ANON-0000-0000-0200,37.72,Cappuccino
22-05-2024,49:47.0,card,ANON-0000-0000-0191,32.82,Americano with Milk
22-05-2024,18:14.3,card,ANON-0000-0000-0141,27.92,Cortado
22-05-2024,34:55.0,card,ANON-0000-0000-0097,32.82,Americano with Milk
22-05-2024,29:50.8,card,ANON-0000-0000-0012,27.92,Americano
22-05-2024,30:43.3,card,ANON-0000-0000-0012,27.92,Americano
22-05-2024,00:20.5,card,ANON-0000-0000-0009,32.82,Americano with Milk
22-05-2024,24:58.1,card,ANON-0000-0000-0134,37.72,Cappuccino
22-05-2024,25:58.6,card,ANON-0000-0000-0134,37.72,Cappuccino
22-05-2024,23:53.0,card,ANON-0000-0000-0180,37.72,Hot Chocolate
22-05-2024,24:49.6,card,ANON-0000-0000-0180,37.72,Cappuccino
23-05-2024,10:19.6,card,ANON-0000-0000-0201,37.72,Cappuccino
23-05-2024,22:06.6,card,ANON-0000-0000-0202,23.02,Espresso
23-05-2024,55:16.6,card,ANON-0000-0000-0180,37.72,Cappuccino
23-05-2024,56:27.2,card,ANON-0000-0000-0203,37.72,Cappuccino
23-05-2024,18:14.1,card,ANON-0000-0000-0180,37.72,Cappuccino
23-05-2024,41:00.0,card,ANON-0000-0000-0077,37.72,Latte
23-05-2024,14:33.2,card,ANON-0000-0000-0153,37.72,Cappuccino
23-05-2024,15:44.9,card,ANON-0000-0000-0153,37.72,Latte
23-05-2024,03:53.9,card,ANON-0000-0000-0204,27.92,Cortado
23-05-2024,17:28.4,card,ANON-0000-0000-0134,37.72,Cappuccino
23-05-2024,18:26.4,card,ANON-0000-0000-0205,37.72,Cappuccino
23-05-2024,42:31.5,card,ANON-0000-0000-0206,37.72,Cappuccino
23-05-2024,15:01.4,card,ANON-0000-0000-0207,37.72,Cappuccino
23-05-2024,16:24.2,card,ANON-0000-0000-0207,37.72,Latte
23-05-2024,48:10.8,card,ANON-0000-0000-0208,32.82,Americano with Milk
23-05-2024,55:36.9,cash,,39,Hot Chocolate
24-05-2024,11:59.2,card,ANON-0000-0000-0141,27.92,Cortado
24-05-2024,15:08.3,card,ANON-0000-0000-0012,27.92,Americano
24-05-2024,16:13.0,card,ANON-0000-0000-0012,27.92,Americano
24-05-2024,07:19.8,card,ANON-0000-0000-0081,37.72,Hot Chocolate
24-05-2024,17:40.3,card,ANON-0000-0000-0209,27.92,Cortado
24-05-2024,18:36.7,card,ANON-0000-0000-0209,27.92,Cortado
24-05-2024,30:40.2,card,ANON-0000-0000-0210,32.82,Americano with Milk
25-05-2024,40:58.8,cash,,29,Americano
25-05-2024,13:53.4,card,ANON-0000-0000-0211,37.72,Latte
25-05-2024,40:23.6,cash,,29,Americano
25-05-2024,42:10.3,card,ANON-0000-0000-0212,32.82,Americano with Milk
25-05-2024,43:13.3,card,ANON-0000-0000-0212,32.82,Americano with Milk
25-05-2024,58:12.0,card,ANON-0000-0000-0213,32.82,Americano with Milk
25-05-2024,47:09.6,card,ANON-0000-0000-0040,32.82,Americano with Milk
25-05-2024,48:16.8,card,ANON-0000-0000-0040,27.92,Americano
26-05-2024,20:02.2,card,ANON-0000-0000-0001,37.72,Latte
26-05-2024,24:49.8,card,ANON-0000-0000-0214,32.82,Americano with Milk
26-05-2024,26:05.2,card,ANON-0000-0000-0215,27.92,Cortado
26-05-2024,40:58.9,card,ANON-0000-0000-0216,32.82,Americano with Milk
26-05-2024,19:15.5,card,ANON-0000-0000-0217,37.72,Cappuccino
26-05-2024,09:52.8,card,ANON-0000-0000-0218,37.72,Hot Chocolate
26-05-2024,11:02.2,card,ANON-0000-0000-0218,37.72,Hot Chocolate
26-05-2024,13:14.3,card,ANON-0000-0000-0218,27.92,Americano
26-05-2024,39:18.8,card,ANON-0000-0000-0219,37.72,Latte
26-05-2024,59:15.0,card,ANON-0000-0000-0220,37.72,Hot Chocolate
26-05-2024,00:05.6,card,ANON-0000-0000-0220,37.72,Cappuccino
26-05-2024,02:36.9,card,ANON-0000-0000-0221,27.92,Cortado
26-05-2024,03:51.8,card,ANON-0000-0000-0222,37.72,Cappuccino
26-05-2024,04:58.8,card,ANON-0000-0000-0221,37.72,Latte
26-05-2024,06:02.6,card,ANON-0000-0000-0223,37.72,Cappuccino
27-05-2024,34:55.3,card,ANON-0000-0000-0012,27.92,Americano
27-05-2024,05:21.7,card,ANON-0000-0000-0224,32.82,Americano with Milk
27-05-2024,06:43.6,card,ANON-0000-0000-0224,37.72,Cocoa
27-05-2024,11:34.1,card,ANON-0000-0000-0225,27.92,Americano
27-05-2024,14:05.8,card,ANON-0000-0000-0225,27.92,Americano
27-05-2024,50:55.8,card,ANON-0000-0000-0203,37.72,Latte
27-05-2024,00:51.0,card,ANON-0000-0000-0226,27.92,Americano
27-05-2024,16:27.4,card,ANON-0000-0000-0227,37.72,Latte
27-05-2024,17:38.7,card,ANON-0000-0000-0228,37.72,Latte
27-05-2024,29:07.1,card,ANON-0000-0000-0192,32.82,Americano with Milk
27-05-2024,30:19.8,card,ANON-0000-0000-0206,37.72,Cappuccino
28-05-2024,37:09.0,card,ANON-0000-0000-0012,32.82,Americano with Milk
28-05-2024,20:10.7,card,ANON-0000-0000-0097,32.82,Americano with Milk
28-05-2024,48:18.5,card,ANON-0000-0000-0229,37.72,Cappuccino
28-05-2024,14:40.4,card,ANON-0000-0000-0230,37.72,Cappuccino
28-05-2024,10:53.7,card,ANON-0000-0000-0194,37.72,Cocoa
28-05-2024,25:39.3,card,ANON-0000-0000-0141,27.92,Cortado
28-05-2024,21:44.0,cash,,39,Cappuccino
28-05-2024,09:29.1,card,ANON-0000-0000-0231,27.92,Americano
28-05-2024,10:31.1,card,ANON-0000-0000-0231,37.72,Latte
28-05-2024,24:32.2,card,ANON-0000-0000-0009,32.82,Americano with Milk
28-05-2024,50:19.4,card,ANON-0000-0000-0012,27.92,Americano
29-05-2024,14:43.7,card,ANON-0000-0000-0232,37.72,Latte
29-05-2024,48:46.8,cash,,39,Latte
29-05-2024,14:02.9,card,ANON-0000-0000-0233,37.72,Hot Chocolate
29-05-2024,10:48.5,card,ANON-0000-0000-0234,27.92,Americano
29-05-2024,22:56.3,card,ANON-0000-0000-0235,37.72,Latte
29-05-2024,45:12.7,card,ANON-0000-0000-0236,37.72,Cappuccino
29-05-2024,45:03.9,card,ANON-0000-0000-0237,37.72,Latte
29-05-2024,24:03.3,card,ANON-0000-0000-0238,27.92,Cortado
29-05-2024,24:59.3,card,ANON-0000-0000-0238,37.72,Latte
29-05-2024,30:42.2,card,ANON-0000-0000-0239,37.72,Hot Chocolate
29-05-2024,32:35.2,card,ANON-0000-0000-0240,37.72,Cocoa
30-05-2024,29:06.3,card,ANON-0000-0000-0241,37.72,Cappuccino
30-05-2024,30:21.6,card,ANON-0000-0000-0241,37.72,Latte
30-05-2024,37:05.4,card,ANON-0000-0000-0242,32.82,Americano with Milk
30-05-2024,47:59.1,card,ANON-0000-0000-0001,37.72,Latte
30-05-2024,56:15.5,card,ANON-0000-0000-0097,32.82,Americano with Milk
30-05-2024,16:15.7,card,ANON-0000-0000-0243,23.02,Espresso
30-05-2024,17:38.7,card,ANON-0000-0000-0012,23.02,Espresso
30-05-2024,53:11.2,card,ANON-0000-0000-0206,37.72,Cappuccino
30-05-2024,31:05.4,card,ANON-0000-0000-0244,37.72,Latte
30-05-2024,46:13.8,card,ANON-0000-0000-0009,37.72,Hot Chocolate
30-05-2024,47:21.6,card,ANON-0000-0000-0009,32.82,Americano with Milk
31-05-2024,53:57.3,card,ANON-0000-0000-0245,32.82,Americano with Milk
31-05-2024,21:07.8,card,ANON-0000-0000-0246,37.72,Latte
31-05-2024,23:58.8,cash,,39,Latte
31-05-2024,38:07.9,card,ANON-0000-0000-0247,37.72,Hot Chocolate
31-05-2024,39:06.1,card,ANON-0000-0000-0248,37.72,Cocoa
31-05-2024,50:13.0,card,ANON-0000-0000-0249,32.82,Americano with Milk
31-05-2024,23:44.6,card,ANON-0000-0000-0250,37.72,Latte
31-05-2024,25:03.3,card,ANON-0000-0000-0250,37.72,Latte
31-05-2024,06:39.2,card,ANON-0000-0000-0180,37.72,Cappuccino
31-05-2024,33:06.4,card,ANON-0000-0000-0134,32.82,Americano with Milk
31-05-2024,34:32.9,card,ANON-0000-0000-0134,37.72,Latte
31-05-2024,05:47.1,card,ANON-0000-0000-0206,37.72,Cappuccino
31-05-2024,06:52.5,card,ANON-0000-0000-0206,32.82,Americano with Milk
31-05-2024,07:55.4,card,ANON-0000-0000-0206,27.92,Cortado
01-06-2024,27:01.7,card,ANON-0000-0000-0141,27.92,Cortado
01-06-2024,48:24.7,card,ANON-0000-0000-0232,37.72,Latte
01-06-2024,38:09.4,card,ANON-0000-0000-0250,37.72,Latte
01-06-2024,28:53.7,card,ANON-0000-0000-0097,32.82,Americano with Milk
01-06-2024,20:12.8,card,ANON-0000-0000-0251,32.82,Americano with Milk
01-06-2024,21:15.4,card,ANON-0000-0000-0251,32.82,Americano with Milk
01-06-2024,50:10.5,card,ANON-0000-0000-0154,37.72,Cappuccino
01-06-2024,51:13.6,card,ANON-0000-0000-0154,37.72,Cappuccino
01-06-2024,54:59.3,cash,,39,Cocoa
01-06-2024,59:09.7,card,ANON-0000-0000-0252,37.72,Cocoa
01-06-2024,51:05.0,card,ANON-0000-0000-0009,32.82,Americano with Milk
02-06-2024,03:25.8,card,ANON-0000-0000-0009,37.72,Latte
02-06-2024,24:02.4,card,ANON-0000-0000-0040,32.82,Americano with Milk
02-06-2024,25:07.2,card,ANON-0000-0000-0040,37.72,Cappuccino
02-06-2024,07:20.5,card,ANON-0000-0000-0097,32.82,Americano with Milk
02-06-2024,30:12.4,card,ANON-0000-0000-0253,37.72,Latte
02-06-2024,43:10.6,cash,,34,Americano with Milk
03-06-2024,12:04.1,card,ANON-0000-0000-0001,37.72,Latte
03-06-2024,27:49.8,card,ANON-0000-0000-0191,37.72,Latte
03-06-2024,31:42.3,card,ANON-0000-0000-0025,37.72,Cappuccino
03-06-2024,33:01.0,card,ANON-0000-0000-0024,32.82,Americano with Milk
03-06-2024,34:06.9,card,ANON-0000-0000-0009,37.72,Latte
03-06-2024,42:51.7,cash,,34,Americano with Milk
03-06-2024,43:37.5,cash,,34,Americano with Milk
04-06-2024,23:42.9,card,ANON-0000-0000-0141,27.92,Cortado
04-06-2024,27:14.0,card,ANON-0000-0000-0097,32.82,Americano with Milk
04-06-2024,02:10.2,card,ANON-0000-0000-0254,37.72,Latte
04-06-2024,05:29.2,card,ANON-0000-0000-0254,37.72,Hot Chocolate
04-06-2024,30:32.5,card,ANON-0000-0000-0255,37.72,Latte
04-06-2024,46:36.7,card,ANON-0000-0000-0192,27.92,Cortado
04-06-2024,47:28.8,card,ANON-0000-0000-0192,37.72,Cappuccino
04-06-2024,13:01.2,card,ANON-0000-0000-0256,37.72,Hot Chocolate
04-06-2024,50:33.9,card,ANON-0000-0000-0257,37.72,Cappuccino
04-06-2024,31:58.9,card,ANON-0000-0000-0258,27.92,Cortado
04-06-2024,33:02.6,card,ANON-0000-0000-0259,32.82,Americano with Milk
04-06-2024,34:55.7,card,ANON-0000-0000-0260,32.82,Americano with Milk
04-06-2024,36:06.9,card,ANON-0000-0000-0260,32.82,Americano with Milk
04-06-2024,37:15.2,card,ANON-0000-0000-0260,32.82,Americano with Milk
05-06-2024,21:49.0,card,ANON-0000-0000-0261,37.72,Cappuccino
05-06-2024,23:06.7,card,ANON-0000-0000-0261,37.72,Cappuccino
05-06-2024,22:43.1,card,ANON-0000-0000-0262,27.92,Americano
05-06-2024,28:50.6,card,ANON-0000-0000-0001,37.72,Latte
05-06-2024,40:53.2,card,ANON-0000-0000-0097,32.82,Americano with Milk
05-06-2024,43:57.7,card,ANON-0000-0000-0263,32.82,Americano with Milk
05-06-2024,59:53.5,card,ANON-0000-0000-0264,37.72,Latte
05-06-2024,10:47.6,card,ANON-0000-0000-0220,37.72,Cocoa
05-06-2024,12:01.7,card,ANON-0000-0000-0220,27.92,Cortado
06-06-2024,52:56.4,card,ANON-0000-0000-0097,32.82,Americano with Milk
06-06-2024,54:08.5,card,ANON-0000-0000-0097,32.82,Americano with Milk
06-06-2024,36:09.7,card,ANON-0000-0000-0001,37.72,Latte
06-06-2024,17:41.5,card,ANON-0000-0000-0265,27.92,Americano
06-06-2024,11:14.2,card,ANON-0000-0000-0224,32.82,Americano with Milk
06-06-2024,24:06.2,card,ANON-0000-0000-0266,37.72,Cappuccino
06-06-2024,14:05.1,card,ANON-0000-0000-0267,37.72,Latte
06-06-2024,15:42.2,card,ANON-0000-0000-0267,37.72,Latte
06-06-2024,18:26.7,card,ANON-0000-0000-0206,37.72,Cappuccino
06-06-2024,19:30.4,card,ANON-0000-0000-0206,32.82,Americano with Milk
06-06-2024,21:04.4,card,ANON-0000-0000-0267,37.72,Latte
07-06-2024,18:04.3,card,ANON-0000-0000-0268,37.72,Cappuccino
07-06-2024,35:28.1,card,ANON-0000-0000-0269,23.02,Espresso
07-06-2024,34:18.3,card,ANON-0000-0000-0164,32.82,Americano with Milk
07-06-2024,45:42.2,card,ANON-0000-0000-0270,27.92,Cortado
07-06-2024,47:15.5,card,ANON-0000-0000-0270,27.92,Cortado
08-06-2024,04:20.0,card,ANON-0000-0000-0271,27.92,Cortado
08-06-2024,26:11.2,card,ANON-0000-0000-0097,32.82,Americano with Milk
08-06-2024,24:54.3,card,ANON-0000-0000-0134,37.72,Cappuccino
08-06-2024,25:56.3,card,ANON-0000-0000-0134,37.72,Cappuccino
09-06-2024,15:52.8,card,ANON-0000-0000-0097,37.72,Latte
09-06-2024,30:04.5,card,ANON-0000-0000-0272,37.72,Latte
09-06-2024,52:05.8,card,ANON-0000-0000-0273,37.72,Cappuccino
09-06-2024,04:41.3,card,ANON-0000-0000-0141,27.92,Cortado
09-06-2024,07:08.1,card,ANON-0000-0000-0274,23.02,Espresso
09-06-2024,52:49.6,card,ANON-0000-0000-0275,37.72,Cappuccino
09-06-2024,11:23.6,card,ANON-0000-0000-0276,32.82,Americano with Milk
09-06-2024,13:08.1,card,ANON-0000-0000-0276,37.72,Latte
09-06-2024,14:10.8,card,ANON-0000-0000-0276,37.72,Latte
09-06-2024,10:30.7,card,ANON-0000-0000-0277,27.92,Cortado
09-06-2024,17:28.2,card,ANON-0000-0000-0278,37.72,Cappuccino
09-06-2024,21:19.3,card,ANON-0000-0000-0279,32.82,Americano with Milk
09-06-2024,05:08.8,card,ANON-0000-0000-0280,27.92,Americano
10-06-2024,47:49.9,card,ANON-0000-0000-0281,37.72,Cappuccino
10-06-2024,56:48.3,card,ANON-0000-0000-0097,37.72,Latte
10-06-2024,04:28.1,card,ANON-0000-0000-0282,37.72,Hot Chocolate
10-06-2024,05:22.8,card,ANON-0000-0000-0282,37.72,Hot Chocolate
10-06-2024,37:23.6,card,ANON-0000-0000-0283,37.72,Latte
10-06-2024,38:19.7,card,ANON-0000-0000-0283,37.72,Latte
11-06-2024,38:04.0,card,ANON-0000-0000-0284,32.82,Americano with Milk
11-06-2024,48:25.3,card,ANON-0000-0000-0285,37.72,Latte
11-06-2024,49:36.4,card,ANON-0000-0000-0285,37.72,Latte
11-06-2024,17:03.3,card,ANON-0000-0000-0286,37.72,Hot Chocolate
11-06-2024,27:41.9,card,ANON-0000-0000-0287,32.82,Americano with Milk
11-06-2024,28:50.2,card,ANON-0000-0000-0287,32.82,Americano with Milk
12-06-2024,18:18.8,card,ANON-0000-0000-0288,37.72,Hot Chocolate
12-06-2024,51:43.9,card,ANON-0000-0000-0289,37.72,Cappuccino
12-06-2024,41:17.2,card,ANON-0000-0000-0283,37.72,Latte
12-06-2024,47:27.9,card,ANON-0000-0000-0290,37.72,Latte
12-06-2024,16:33.6,card,ANON-0000-0000-0256,37.72,Hot Chocolate
12-06-2024,25:34.2,card,ANON-0000-0000-0291,32.82,Americano with Milk
13-06-2024,54:24.2,card,ANON-0000-0000-0292,27.92,Americano
13-06-2024,57:25.6,card,ANON-0000-0000-0097,37.72,Latte
13-06-2024,50:25.0,card,ANON-0000-0000-0293,32.82,Americano with Milk
13-06-2024,57:11.5,card,ANON-0000-0000-0141,27.92,Cortado
13-06-2024,04:58.6,card,ANON-0000-0000-0294,32.82,Americano with Milk
13-06-2024,27:46.6,card,ANON-0000-0000-0295,37.72,Hot Chocolate
13-06-2024,22:19.1,card,ANON-0000-0000-0296,37.72,Latte
13-06-2024,20:51.8,card,ANON-0000-0000-0012,32.82,Americano with Milk
13-06-2024,43:46.0,card,ANON-0000-0000-0012,23.02,Espresso
13-06-2024,45:00.6,card,ANON-0000-0000-0295,23.02,Espresso
13-06-2024,48:17.9,card,ANON-0000-0000-0009,32.82,Americano with Milk
13-06-2024,02:28.4,card,ANON-0000-0000-0009,32.82,Americano with Milk
14-06-2024,46:13.2,card,ANON-0000-0000-0141,27.92,Cortado
14-06-2024,30:31.6,card,ANON-0000-0000-0297,27.92,Americano
14-06-2024,14:41.7,card,ANON-0000-0000-0097,37.72,Latte
14-06-2024,29:53.4,card,ANON-0000-0000-0298,32.82,Americano with Milk
15-06-2024,26:02.0,card,ANON-0000-0000-0299,37.72,Cappuccino
15-06-2024,21:28.1,card,ANON-0000-0000-0300,37.72,Latte
15-06-2024,22:46.9,card,ANON-0000-0000-0300,32.82,Americano with Milk
15-06-2024,23:52.2,card,ANON-0000-0000-0300,23.02,Espresso
15-06-2024,24:35.1,card,ANON-0000-0000-0300,37.72,Cocoa
15-06-2024,25:24.0,card,ANON-0000-0000-0300,32.82,Americano with Milk
15-06-2024,03:29.9,card,ANON-0000-0000-0301,32.82,Americano with Milk
15-06-2024,14:04.6,card,ANON-0000-0000-0302,27.92,Americano
16-06-2024,43:51.5,card,ANON-0000-0000-0059,32.82,Americano with Milk
16-06-2024,58:41.4,card,ANON-0000-0000-0303,37.72,Latte
16-06-2024,00:38.2,card,ANON-0000-0000-0303,37.72,Hot Chocolate
16-06-2024,01:41.5,card,ANON-0000-0000-0303,37.72,Hot Chocolate
16-06-2024,49:27.6,card,ANON-0000-0000-0276,32.82,Americano with Milk
16-06-2024,00:39.0,card,ANON-0000-0000-0274,23.02,Espresso
16-06-2024,02:36.3,card,ANON-0000-0000-0304,32.82,Americano with Milk
16-06-2024,05:10.4,card,ANON-0000-0000-0304,32.82,Americano with Milk
16-06-2024,43:59.6,card,ANON-0000-0000-0305,37.72,Hot Chocolate
16-06-2024,47:36.5,card,ANON-0000-0000-0306,37.72,Hot Chocolate
16-06-2024,45:17.3,card,ANON-0000-0000-0059,32.82,Americano with Milk
16-06-2024,46:16.6,card,ANON-0000-0000-0059,32.82,Americano with Milk
17-06-2024,57:24.0,card,ANON-0000-0000-0307,27.92,Americano
17-06-2024,12:05.1,card,ANON-0000-0000-0308,27.92,Cortado
17-06-2024,13:37.6,card,ANON-0000-0000-0308,27.92,Cortado
17-06-2024,55:51.6,card,ANON-0000-0000-0042,37.72,Cappuccino
17-06-2024,51:35.4,card,ANON-0000-0000-0164,37.72,Cappuccino
17-06-2024,50:13.4,card,ANON-0000-0000-0012,37.72,Cappuccino
17-06-2024,51:11.0,card,ANON-0000-0000-0012,37.72,Cappuccino
17-06-2024,52:36.3,card,ANON-0000-0000-0012,27.92,Americano
17-06-2024,51:19.6,card,ANON-0000-0000-0309,27.92,Americano
17-06-2024,16:11.5,card,ANON-0000-0000-0009,32.82,Americano with Milk
18-06-2024,04:06.1,card,ANON-0000-0000-0299,27.92,Americano
18-06-2024,05:12.3,card,ANON-0000-0000-0299,37.72,Cappuccino
18-06-2024,20:40.6,card,ANON-0000-0000-0154,37.72,Cappuccino
18-06-2024,21:38.9,card,ANON-0000-0000-0154,37.72,Cappuccino
18-06-2024,35:49.5,card,ANON-0000-0000-0310,27.92,Cortado
18-06-2024,20:49.5,card,ANON-0000-0000-0012,32.82,Americano with Milk
18-06-2024,22:18.5,card,ANON-0000-0000-0012,32.82,Americano with Milk
19-06-2024,47:19.8,card,ANON-0000-0000-0311,37.72,Latte
19-06-2024,17:54.5,card,ANON-0000-0000-0141,27.92,Cortado
19-06-2024,54:00.5,card,ANON-0000-0000-0312,27.92,Americano
19-06-2024,11:27.8,card,ANON-0000-0000-0313,37.72,Latte
19-06-2024,12:31.4,card,ANON-0000-0000-0313,37.72,Cocoa
19-06-2024,21:36.3,card,ANON-0000-0000-0164,32.82,Americano with Milk
19-06-2024,28:43.4,card,ANON-0000-0000-0153,37.72,Cappuccino
19-06-2024,29:59.0,card,ANON-0000-0000-0153,37.72,Latte
19-06-2024,31:31.3,card,ANON-0000-0000-0009,32.82,Americano with Milk
19-06-2024,28:59.5,card,ANON-0000-0000-0192,37.72,Cappuccino
19-06-2024,30:03.5,card,ANON-0000-0000-0192,32.82,Americano with Milk
20-06-2024,50:06.5,card,ANON-0000-0000-0097,37.72,Latte
20-06-2024,59:02.1,card,ANON-0000-0000-0314,37.72,Latte
20-06-2024,00:00.2,card,ANON-0000-0000-0314,37.72,Latte
20-06-2024,39:10.0,card,ANON-0000-0000-0257,37.72,Latte
20-06-2024,57:40.6,card,ANON-0000-0000-0009,37.72,Latte
20-06-2024,59:17.6,card,ANON-0000-0000-0009,32.82,Americano with Milk
21-06-2024,59:55.9,card,ANON-0000-0000-0311,37.72,Latte
21-06-2024,01:40.2,card,ANON-0000-0000-0315,27.92,Americano
21-06-2024,19:19.4,card,ANON-0000-0000-0012,32.82,Americano with Milk
21-06-2024,20:31.5,card,ANON-0000-0000-0012,32.82,Americano with Milk
21-06-2024,12:16.1,card,ANON-0000-0000-0316,23.02,Espresso
21-06-2024,30:26.7,card,ANON-0000-0000-0009,37.72,Latte
21-06-2024,47:06.2,card,ANON-0000-0000-0154,37.72,Cappuccino
21-06-2024,48:06.7,card,ANON-0000-0000-0154,37.72,Cappuccino
21-06-2024,49:54.5,card,ANON-0000-0000-0180,37.72,Cappuccino
21-06-2024,51:00.2,card,ANON-0000-0000-0180,37.72,Cappuccino
21-06-2024,52:18.8,card,ANON-0000-0000-0180,27.92,Americano
21-06-2024,55:37.1,card,ANON-0000-0000-0311,32.82,Americano with Milk
22-06-2024,39:50.3,card,ANON-0000-0000-0141,27.92,Cortado
22-06-2024,37:48.8,card,ANON-0000-0000-0311,32.82,Americano with Milk
22-06-2024,53:15.5,card,ANON-0000-0000-0317,32.82,Americano with Milk
22-06-2024,37:20.1,card,ANON-0000-0000-0009,37.72,Latte
22-06-2024,10:23.0,card,ANON-0000-0000-0318,37.72,Cappuccino
23-06-2024,12:01.4,card,ANON-0000-0000-0012,32.82,Americano with Milk
23-06-2024,13:50.6,card,ANON-0000-0000-0012,32.82,Americano with Milk
23-06-2024,06:47.0,card,ANON-0000-0000-0319,37.72,Cappuccino
23-06-2024,29:07.8,card,ANON-0000-0000-0320,37.72,Latte
23-06-2024,30:36.4,card,ANON-0000-0000-0320,37.72,Cappuccino
24-06-2024,44:39.9,card,ANON-0000-0000-0164,32.82,Americano with Milk
24-06-2024,49:36.0,card,ANON-0000-0000-0180,37.72,Cappuccino
24-06-2024,50:44.1,card,ANON-0000-0000-0180,37.72,Cappuccino
24-06-2024,02:29.0,card,ANON-0000-0000-0321,37.72,Latte
24-06-2024,46:00.6,card,ANON-0000-0000-0203,37.72,Cappuccino
24-06-2024,47:00.4,card,ANON-0000-0000-0203,37.72,Cappuccino
25-06-2024,19:24.2,card,ANON-0000-0000-0322,37.72,Latte
25-06-2024,28:26.4,card,ANON-0000-0000-0012,32.82,Americano with Milk
25-06-2024,29:42.4,card,ANON-0000-0000-0040,32.82,Americano with Milk
25-06-2024,34:52.3,card,ANON-0000-0000-0203,37.72,Cappuccino
26-06-2024,33:01.7,card,ANON-0000-0000-0323,37.72,Latte
26-06-2024,32:29.5,card,ANON-0000-0000-0324,23.02,Espresso
26-06-2024,34:01.6,card,ANON-0000-0000-0325,27.92,Americano
26-06-2024,21:53.3,card,ANON-0000-0000-0009,37.72,Latte
26-06-2024,27:00.8,card,ANON-0000-0000-0009,37.72,Cappuccino
26-06-2024,28:14.6,card,ANON-0000-0000-0206,32.82,Americano with Milk
27-06-2024,15:43.2,card,ANON-0000-0000-0326,32.82,Americano with Milk
27-06-2024,11:48.0,card,ANON-0000-0000-0327,27.92,Cortado
27-06-2024,44:03.4,card,ANON-0000-0000-0328,32.82,Americano with Milk
27-06-2024,50:31.6,card,ANON-0000-0000-0329,37.72,Cappuccino
28-06-2024,08:35.0,card,ANON-0000-0000-0141,27.92,Cortado
28-06-2024,51:54.0,card,ANON-0000-0000-0274,23.02,Espresso
28-06-2024,50:55.4,card,ANON-0000-0000-0330,32.82,Americano with Milk
28-06-2024,52:01.9,card,ANON-0000-0000-0331,37.72,Latte
28-06-2024,28:20.0,card,ANON-0000-0000-0332,37.72,Cappuccino
29-06-2024,47:10.3,card,ANON-0000-0000-0097,32.82,Americano with Milk
29-06-2024,40:19.6,card,ANON-0000-0000-0333,32.82,Americano with Milk
29-06-2024,41:26.6,card,ANON-0000-0000-0333,32.82,Americano with Milk
29-06-2024,30:24.4,card,ANON-0000-0000-0334,37.72,Cappuccino
29-06-2024,31:42.6,card,ANON-0000-0000-0334,37.72,Cappuccino
29-06-2024,23:43.6,card,ANON-0000-0000-0335,37.72,Cappuccino
29-06-2024,24:52.4,card,ANON-0000-0000-0335,37.72,Hot Chocolate
29-06-2024,27:22.4,card,ANON-0000-0000-0009,37.72,Latte
30-06-2024,28:09.8,card,ANON-0000-0000-0336,37.72,Latte
30-06-2024,05:50.6,card,ANON-0000-0000-0337,23.02,Espresso
30-06-2024,54:41.7,card,ANON-0000-0000-0009,37.72,Hot Chocolate
30-06-2024,04:09.7,card,ANON-0000-0000-0097,32.82,Americano with Milk
01-07-2024,07:26.8,card,ANON-0000-0000-0012,23.02,Espresso
01-07-2024,56:51.8,card,ANON-0000-0000-0338,37.72,Cappuccino
01-07-2024,57:54.3,card,ANON-0000-0000-0339,37.72,Cappuccino
02-07-2024,42:54.1,card,ANON-0000-0000-0304,32.82,Americano with Milk
02-07-2024,45:00.6,card,ANON-0000-0000-0304,27.92,Americano
02-07-2024,48:05.2,card,ANON-0000-0000-0019,37.72,Latte
02-07-2024,03:13.2,card,ANON-0000-0000-0340,27.92,Americano
02-07-2024,31:24.3,card,ANON-0000-0000-0341,32.82,Americano with Milk
02-07-2024,02:23.6,card,ANON-0000-0000-0329,32.82,Americano with Milk
03-07-2024,51:14.9,card,ANON-0000-0000-0012,32.82,Americano with Milk
03-07-2024,01:16.6,card,ANON-0000-0000-0342,37.72,Cappuccino
03-07-2024,50:25.2,card,ANON-0000-0000-0343,37.72,Cappuccino
03-07-2024,53:15.6,card,ANON-0000-0000-0270,32.82,Americano with Milk
03-07-2024,54:22.9,card,ANON-0000-0000-0344,32.82,Americano with Milk
03-07-2024,55:31.4,card,ANON-0000-0000-0270,37.72,Latte
03-07-2024,59:25.6,card,ANON-0000-0000-0345,23.02,Espresso
03-07-2024,59:01.8,card,ANON-0000-0000-0346,37.72,Cappuccino
03-07-2024,06:09.1,card,ANON-0000-0000-0009,37.72,Latte
04-07-2024,26:23.7,card,ANON-0000-0000-0143,32.82,Americano with Milk
04-07-2024,27:30.3,card,ANON-0000-0000-0012,27.92,Americano
05-07-2024,20:28.7,card,ANON-0000-0000-0058,37.72,Cocoa
05-07-2024,43:43.1,card,ANON-0000-0000-0040,32.82,Americano with Milk
05-07-2024,44:43.8,card,ANON-0000-0000-0347,32.82,Americano with Milk
05-07-2024,55:56.3,card,ANON-0000-0000-0348,23.02,Espresso
05-07-2024,55:07.8,card,ANON-0000-0000-0099,27.92,Americano
05-07-2024,11:56.5,card,ANON-0000-0000-0349,23.02,Espresso
05-07-2024,18:03.3,card,ANON-0000-0000-0350,27.92,Americano
05-07-2024,18:56.9,card,ANON-0000-0000-0350,27.92,Americano
05-07-2024,20:01.1,card,ANON-0000-0000-0351,37.72,Cappuccino
05-07-2024,21:09.5,card,ANON-0000-0000-0351,32.82,Americano with Milk
06-07-2024,28:06.8,card,ANON-0000-0000-0352,37.72,Latte
06-07-2024,15:46.0,card,ANON-0000-0000-0009,32.82,Latte
06-07-2024,17:01.0,card,ANON-0000-0000-0009,32.82,Latte
06-07-2024,09:46.1,card,ANON-0000-0000-0012,32.82,Latte
06-07-2024,10:39.6,card,ANON-0000-0000-0012,27.92,Americano with Milk
07-07-2024,04:20.2,card,ANON-0000-0000-0303,32.82,Cappuccino
07-07-2024,14:29.2,card,ANON-0000-0000-0353,27.92,Americano with Milk
07-07-2024,15:36.8,card,ANON-0000-0000-0353,27.92,Americano with Milk
07-07-2024,28:48.9,card,ANON-0000-0000-0354,32.82,Cappuccino
07-07-2024,29:56.2,card,ANON-0000-0000-0354,32.82,Cappuccino
07-07-2024,56:30.2,card,ANON-0000-0000-0355,32.82,Hot Chocolate
07-07-2024,57:47.4,card,ANON-0000-0000-0355,32.82,Cocoa
07-07-2024,07:50.3,card,ANON-0000-0000-0356,32.82,Latte
07-07-2024,33:27.2,card,ANON-0000-0000-0357,32.82,Cappuccino
07-07-2024,01:31.7,card,ANON-0000-0000-0358,32.82,Hot Chocolate
07-07-2024,33:36.3,card,ANON-0000-0000-0359,27.92,Americano with Milk
08-07-2024,33:07.7,card,ANON-0000-0000-0360,32.82,Latte
08-07-2024,02:50.4,card,ANON-0000-0000-0361,23.02,Americano
08-07-2024,40:24.3,card,ANON-0000-0000-0362,23.02,Americano
08-07-2024,30:35.0,card,ANON-0000-0000-0363,27.92,Americano with Milk
08-07-2024,14:46.2,card,ANON-0000-0000-0019,32.82,Latte
09-07-2024,26:52.1,card,ANON-0000-0000-0333,27.92,Americano with Milk
09-07-2024,40:28.8,card,ANON-0000-0000-0276,27.92,Americano with Milk
09-07-2024,21:36.1,card,ANON-0000-0000-0194,27.92,Americano with Milk
09-07-2024,22:49.9,card,ANON-0000-0000-0194,32.82,Cappuccino
09-07-2024,42:59.5,card,ANON-0000-0000-0364,27.92,Americano with Milk
10-07-2024,10:41.7,card,ANON-0000-0000-0365,23.02,Americano
10-07-2024,28:53.7,card,ANON-0000-0000-0366,27.92,Americano with Milk
10-07-2024,13:10.0,card,ANON-0000-0000-0328,32.82,Latte
11-07-2024,27:27.6,card,ANON-0000-0000-0367,32.82,Hot Chocolate
11-07-2024,48:18.7,card,ANON-0000-0000-0368,27.92,Americano with Milk
11-07-2024,22:13.6,card,ANON-0000-0000-0369,32.82,Latte
11-07-2024,30:58.5,card,ANON-0000-0000-0370,23.02,Americano
12-07-2024,03:17.5,card,ANON-0000-0000-0371,23.02,Cortado
12-07-2024,48:33.4,card,ANON-0000-0000-0372,32.82,Hot Chocolate
12-07-2024,33:25.6,card,ANON-0000-0000-0178,32.82,Hot Chocolate
12-07-2024,34:14.3,card,ANON-0000-0000-0177,32.82,Hot Chocolate
12-07-2024,35:29.5,card,ANON-0000-0000-0179,32.82,Hot Chocolate
13-07-2024,38:10.3,card,ANON-0000-0000-0365,32.82,Latte
13-07-2024,41:38.1,card,ANON-0000-0000-0365,32.82,Latte
14-07-2024,54:24.3,card,ANON-0000-0000-0373,23.02,Americano
14-07-2024,55:30.5,card,ANON-0000-0000-0373,27.92,Americano with Milk
14-07-2024,56:30.3,card,ANON-0000-0000-0373,32.82,Cappuccino
14-07-2024,57:54.1,card,ANON-0000-0000-0374,32.82,Latte
14-07-2024,02:11.8,card,ANON-0000-0000-0375,23.02,Americano
14-07-2024,31:30.0,card,ANON-0000-0000-0376,32.82,Latte
15-07-2024,33:05.6,card,ANON-0000-0000-0377,32.82,Cappuccino
16-07-2024,23:37.5,card,ANON-0000-0000-0378,27.92,Americano with Milk
16-07-2024,29:25.5,card,ANON-0000-0000-0367,32.82,Hot Chocolate
17-07-2024,04:59.7,card,ANON-0000-0000-0379,27.92,Americano with Milk
18-07-2024,10:13.4,card,ANON-0000-0000-0380,27.92,Americano with Milk
18-07-2024,11:23.4,card,ANON-0000-0000-0381,18.12,Espresso
18-07-2024,32:59.6,card,ANON-0000-0000-0059,23.02,Americano
18-07-2024,34:48.4,card,ANON-0000-0000-0059,23.02,Americano
18-07-2024,35:51.5,card,ANON-0000-0000-0059,23.02,Cortado
18-07-2024,23:33.8,card,ANON-0000-0000-0375,32.82,Latte
18-07-2024,18:23.4,card,ANON-0000-0000-0382,32.82,Cappuccino
18-07-2024,30:50.6,card,ANON-0000-0000-0009,32.82,Latte
18-07-2024,19:41.8,card,ANON-0000-0000-0383,32.82,Hot Chocolate
18-07-2024,21:59.9,card,ANON-0000-0000-0383,32.82,Latte
18-07-2024,46:18.7,card,ANON-0000-0000-0384,32.82,Latte
19-07-2024,03:02.3,card,ANON-0000-0000-0375,23.02,Americano
19-07-2024,16:20.5,card,ANON-0000-0000-0385,27.92,Americano with Milk
19-07-2024,58:37.6,card,ANON-0000-0000-0386,32.82,Latte
19-07-2024,59:55.4,card,ANON-0000-0000-0386,27.92,Americano with Milk
19-07-2024,09:20.7,card,ANON-0000-0000-0384,32.82,Latte
19-07-2024,11:22.1,card,ANON-0000-0000-0384,32.82,Cocoa
19-07-2024,36:19.3,card,ANON-0000-0000-0384,32.82,Latte
19-07-2024,37:35.8,card,ANON-0000-0000-0384,32.82,Latte
20-07-2024,05:44.5,card,ANON-0000-0000-0387,23.02,Americano
20-07-2024,06:48.7,card,ANON-0000-0000-0387,32.82,Latte
20-07-2024,07:51.4,card,ANON-0000-0000-0387,23.02,Americano
20-07-2024,00:53.6,card,ANON-0000-0000-0388,32.82,Latte
20-07-2024,02:27.8,card,ANON-0000-0000-0389,32.82,Latte
20-07-2024,39:21.0,card,ANON-0000-0000-0390,23.02,Americano
20-07-2024,15:09.2,card,ANON-0000-0000-0391,32.82,Latte
21-07-2024,30:55.8,card,ANON-0000-0000-0367,32.82,Cocoa
21-07-2024,39:28.8,card,ANON-0000-0000-0392,32.82,Cappuccino
21-07-2024,34:30.8,card,ANON-0000-0000-0393,23.02,Cortado
21-07-2024,42:31.4,card,ANON-0000-0000-0394,32.82,Latte
22-07-2024,13:23.1,card,ANON-0000-0000-0375,23.02,Americano
22-07-2024,40:49.6,card,ANON-0000-0000-0395,23.02,Americano
22-07-2024,15:37.3,card,ANON-0000-0000-0385,27.92,Americano with Milk
22-07-2024,44:37.6,card,ANON-0000-0000-0396,32.82,Latte
23-07-2024,12:56.2,card,ANON-0000-0000-0197,32.82,Latte
23-07-2024,40:19.0,card,ANON-0000-0000-0395,23.02,Americano
23-07-2024,44:53.8,card,ANON-0000-0000-0397,27.92,Americano with Milk
23-07-2024,49:25.1,card,ANON-0000-0000-0398,32.82,Cocoa
23-07-2024,51:10.4,card,ANON-0000-0000-0399,32.82,Latte
23-07-2024,01:45.7,card,ANON-0000-0000-0375,23.02,Americano
23-07-2024,03:36.5,card,ANON-0000-0000-0400,27.92,Americano with Milk
23-07-2024,20:05.0,card,ANON-0000-0000-0401,27.92,Americano with Milk
23-07-2024,21:01.3,card,ANON-0000-0000-0401,32.82,Latte
23-07-2024,01:40.6,card,ANON-0000-0000-0009,32.82,Latte
23-07-2024,23:13.5,card,ANON-0000-0000-0012,23.02,Americano
23-07-2024,24:22.6,card,ANON-0000-0000-0012,23.02,Americano
24-07-2024,16:09.8,card,ANON-0000-0000-0097,27.92,Americano with Milk
24-07-2024,38:55.0,card,ANON-0000-0000-0385,27.92,Americano with Milk
24-07-2024,54:37.5,card,ANON-0000-0000-0402,18.12,Espresso
24-07-2024,43:53.1,card,ANON-0000-0000-0379,32.82,Cappuccino
24-07-2024,55:13.8,card,ANON-0000-0000-0399,32.82,Latte
24-07-2024,45:49.8,card,ANON-0000-0000-0012,18.12,Espresso
24-07-2024,18:30.5,card,ANON-0000-0000-0009,32.82,Latte
24-07-2024,15:05.7,card,ANON-0000-0000-0205,32.82,Cappuccino
24-07-2024,16:59.8,card,ANON-0000-0000-0205,32.82,Cappuccino
24-07-2024,17:36.8,card,ANON-0000-0000-0040,27.92,Americano with Milk
24-07-2024,18:41.3,card,ANON-0000-0000-0040,23.02,Americano
24-07-2024,25:17.5,card,ANON-0000-0000-0012,23.02,Americano
25-07-2024,54:47.9,card,ANON-0000-0000-0012,23.02,Americano
25-07-2024,49:18.4,card,ANON-0000-0000-0399,32.82,Latte
25-07-2024,29:44.6,card,ANON-0000-0000-0385,27.92,Americano with Milk
25-07-2024,26:04.7,card,ANON-0000-0000-0375,23.02,Americano
25-07-2024,25:06.5,card,ANON-0000-0000-0403,32.82,Cappuccino
25-07-2024,21:00.8,card,ANON-0000-0000-0257,32.82,Cappuccino
25-07-2024,06:01.3,card,ANON-0000-0000-0404,23.02,Cortado
25-07-2024,06:50.0,card,ANON-0000-0000-0404,18.12,Espresso
25-07-2024,38:51.3,card,ANON-0000-0000-0328,23.02,Cortado
25-07-2024,39:46.8,card,ANON-0000-0000-0405,32.82,Cocoa
26-07-2024,33:01.3,card,ANON-0000-0000-0406,32.82,Latte
26-07-2024,19:37.4,card,ANON-0000-0000-0097,27.92,Americano with Milk
26-07-2024,20:34.3,card,ANON-0000-0000-0059,18.12,Espresso
26-07-2024,33:11.5,card,ANON-0000-0000-0407,23.02,Cortado
26-07-2024,34:16.6,card,ANON-0000-0000-0407,23.02,Cortado
26-07-2024,59:07.9,card,ANON-0000-0000-0408,32.82,Latte
26-07-2024,00:02.7,card,ANON-0000-0000-0408,32.82,Latte
26-07-2024,47:13.9,card,ANON-0000-0000-0385,27.92,Americano with Milk
26-07-2024,07:01.7,card,ANON-0000-0000-0379,27.92,Americano with Milk
26-07-2024,28:08.0,card,ANON-0000-0000-0339,32.82,Cappuccino
26-07-2024,29:17.7,card,ANON-0000-0000-0339,32.82,Cappuccino
26-07-2024,09:56.1,card,ANON-0000-0000-0409,32.82,Latte
26-07-2024,23:29.3,card,ANON-0000-0000-0410,23.02,Americano
26-07-2024,58:29.2,card,ANON-0000-0000-0411,32.82,Cappuccino
26-07-2024,15:09.6,card,ANON-0000-0000-0009,32.82,Latte
26-07-2024,49:52.3,card,ANON-0000-0000-0412,27.92,Americano with Milk
27-07-2024,09:16.5,card,ANON-0000-0000-0097,32.82,Cappuccino
27-07-2024,55:31.4,card,ANON-0000-0000-0413,27.92,Americano with Milk
27-07-2024,25:10.1,card,ANON-0000-0000-0059,27.92,Americano with Milk
27-07-2024,26:13.2,card,ANON-0000-0000-0040,18.12,Espresso
27-07-2024,33:23.1,card,ANON-0000-0000-0059,27.92,Americano with Milk
27-07-2024,28:41.9,card,ANON-0000-0000-0225,18.12,Espresso
27-07-2024,51:53.2,card,ANON-0000-0000-0077,32.82,Latte
27-07-2024,02:33.4,card,ANON-0000-0000-0414,32.82,Cappuccino
27-07-2024,03:39.1,card,ANON-0000-0000-0415,32.82,Cappuccino
27-07-2024,09:00.4,card,ANON-0000-0000-0416,27.92,Americano with Milk
27-07-2024,10:08.1,card,ANON-0000-0000-0416,27.92,Americano with Milk
27-07-2024,55:20.2,card,ANON-0000-0000-0009,32.82,Latte
27-07-2024,56:23.9,card,ANON-0000-0000-0417,32.82,Cappuccino
28-07-2024,07:25.9,card,ANON-0000-0000-0012,18.12,Espresso
28-07-2024,17:54.2,card,ANON-0000-0000-0276,27.92,Americano with Milk
28-07-2024,18:52.2,card,ANON-0000-0000-0276,32.82,Latte
29-07-2024,12:06.4,card,ANON-0000-0000-0418,32.82,Latte
29-07-2024,04:48.0,card,ANON-0000-0000-0012,23.02,Americano
29-07-2024,15:46.2,card,ANON-0000-0000-0097,27.92,Americano with Milk
29-07-2024,19:44.1,card,ANON-0000-0000-0003,23.02,Americano
29-07-2024,51:24.7,card,ANON-0000-0000-0419,27.92,Americano with Milk
29-07-2024,58:29.6,card,ANON-0000-0000-0420,32.82,Cappuccino
29-07-2024,43:44.0,card,ANON-0000-0000-0421,32.82,Hot Chocolate
29-07-2024,44:55.8,card,ANON-0000-0000-0421,32.82,Hot Chocolate
29-07-2024,06:31.1,card,ANON-0000-0000-0422,32.82,Cappuccino
29-07-2024,30:16.3,card,ANON-0000-0000-0099,23.02,Americano
29-07-2024,57:34.4,card,ANON-0000-0000-0328,32.82,Cocoa
30-07-2024,41:10.9,card,ANON-0000-0000-0423,27.92,Americano with Milk
30-07-2024,05:07.2,card,ANON-0000-0000-0424,23.02,Cortado
30-07-2024,20:51.1,card,ANON-0000-0000-0425,32.82,Cappuccino
30-07-2024,13:43.2,card,ANON-0000-0000-0097,27.92,Americano with Milk
30-07-2024,17:11.1,card,ANON-0000-0000-0141,23.02,Cortado
30-07-2024,19:34.2,card,ANON-0000-0000-0276,27.92,Americano with Milk
30-07-2024,23:20.1,card,ANON-0000-0000-0250,32.82,Latte
30-07-2024,12:07.4,card,ANON-0000-0000-0426,23.02,Americano
30-07-2024,13:16.2,card,ANON-0000-0000-0426,18.12,Espresso
30-07-2024,14:41.7,card,ANON-0000-0000-0427,27.92,Americano with Milk
30-07-2024,16:01.6,card,ANON-0000-0000-0428,27.92,Americano with Milk
30-07-2024,30:34.7,card,ANON-0000-0000-0429,27.92,Americano with Milk
30-07-2024,31:40.8,card,ANON-0000-0000-0430,27.92,Americano with Milk
30-07-2024,08:07.5,card,ANON-0000-0000-0431,32.82,Latte
30-07-2024,16:09.6,card,ANON-0000-0000-0432,27.92,Americano with Milk
30-07-2024,08:52.9,card,ANON-0000-0000-0433,23.02,Cortado
30-07-2024,09:43.6,card,ANON-0000-0000-0433,27.92,Americano with Milk
30-07-2024,24:19.9,card,ANON-0000-0000-0434,18.12,Espresso
30-07-2024,53:51.9,card,ANON-0000-0000-0097,27.92,Americano with Milk
30-07-2024,54:46.3,card,ANON-0000-0000-0097,27.92,Americano with Milk
30-07-2024,57:02.3,card,ANON-0000-0000-0347,27.92,Americano with Milk
30-07-2024,33:19.2,card,ANON-0000-0000-0435,32.82,Latte
30-07-2024,15:21.5,card,ANON-0000-0000-0436,23.02,Americano
30-07-2024,16:19.3,card,ANON-0000-0000-0436,32.82,Cappuccino
31-07-2024,59:52.1,card,ANON-0000-0000-0423,27.92,Americano with Milk
31-07-2024,37:41.9,card,ANON-0000-0000-0437,27.92,Americano with Milk
31-07-2024,38:38.2,card,ANON-0000-0000-0437,27.92,Americano with Milk
31-07-2024,54:45.3,card,ANON-0000-0000-0388,23.02,Americano
31-07-2024,55:45.1,card,ANON-0000-0000-0388,23.02,Americano
31-07-2024,58:15.9,card,ANON-0000-0000-0276,27.92,Americano with Milk
31-07-2024,11:42.6,card,ANON-0000-0000-0384,32.82,Cocoa
31-07-2024,14:00.3,card,ANON-0000-0000-0384,32.82,Latte
31-07-2024,24:49.4,card,ANON-0000-0000-0438,27.92,Americano with Milk
31-07-2024,48:06.8,card,ANON-0000-0000-0439,23.02,Cortado
31-07-2024,04:15.0,card,ANON-0000-0000-0440,32.82,Latte
31-07-2024,22:38.9,card,ANON-0000-0000-0441,23.02,Cortado
31-07-2024,28:45.1,card,ANON-0000-0000-0009,32.82,Latte
31-07-2024,46:42.4,card,ANON-0000-0000-0442,32.82,Cocoa
31-07-2024,50:07.4,card,ANON-0000-0000-0443,23.02,Cortado
31-07-2024,51:10.4,card,ANON-0000-0000-0443,32.82,Latte
31-07-2024,52:14.8,card,ANON-0000-0000-0153,32.82,Cappuccino
31-07-2024,53:35.1,card,ANON-0000-0000-0443,23.02,Cortado
31-07-2024,59:25.0,card,ANON-0000-0000-0040,27.92,Americano with Milk
31-07-2024,26:26.0,card,ANON-0000-0000-0444,32.82,Latte
31-07-2024,54:11.8,card,ANON-0000-0000-0445,32.82,Latte
31-07-2024,55:16.6,card,ANON-0000-0000-0446,32.82,Latte
